agreement;institution;period;doi;is_hybrid
CRUE-CSIC_2021-24;Universitat de Barcelona;2021;10.1021/acs.jmedchem.1c01254;TRUE
CRUE-CSIC_2021-24;Universitat de Barcelona;2021;10.1021/acs.orglett.1c03366;TRUE
CRUE-CSIC_2021-24;Universitat de Barcelona;2021;10.1021/acs.jctc.1c00772;TRUE
CRUE-CSIC_2021-24;Universitat de Barcelona;2021;10.1021/acsphotonics.1c01401;TRUE
CRUE-CSIC_2021-24;Universitat de Barcelona;2021;10.1021/acs.joc.1c00349;TRUE
CRUE-CSIC_2021-24;Universitat de Barcelona;2021;10.1021/acs.langmuir.1c00461;TRUE
CRUE-CSIC_2021-24;Universitat de Barcelona;2021;10.1021/acscatal.1c01785;TRUE
CRUE-CSIC_2021-24;Universitat de Barcelona;2021;10.1021/acscatal.1c02663;TRUE
CRUE-CSIC_2021-24;Universitat de Barcelona;2021;10.1021/acscatal.1c01738;TRUE
CRUE-CSIC_2021-24;Universitat de Barcelona;2021;10.1021/acs.jproteome.0c00918;TRUE
CRUE-CSIC_2021-24;Universitat de Barcelona;2021;10.1021/acs.jmedchem.0c01601;TRUE
CRUE-CSIC_2021-24;Universitat de Barcelona;2021;10.1021/acs.bioconjchem.1c00387;TRUE
CRUE-CSIC_2021-24;Universitat de Barcelona;2021;10.1021/acs.cgd.1c00853;TRUE
CRUE-CSIC_2021-24;Universitat de Barcelona;2021;10.1021/acs.inorgchem.1c00507;TRUE
CRUE-CSIC_2021-24;Universitat de Barcelona;2021;10.1021/acs.jpcc.1c07577;TRUE
CRUE-CSIC_2021-24;Universitat de Barcelona;2021;10.1021/acscatal.1c03405;TRUE
CRUE-CSIC_2021-24;Universitat de Barcelona;2021;10.1021/acs.cgd.1c01146;TRUE
CRUE-CSIC_2021-24;Universitat de Barcelona;2021;10.1021/acs.inorgchem.1c03001;TRUE
CRUE-CSIC_2021-24;Universitat de Barcelona;2021;10.1021/acs.cgd.0c01716;TRUE
CRUE-CSIC_2021-24;Universitat de Barcelona;2021;10.1021/acs.cgd.1c00859;TRUE
CRUE-CSIC_2021-24;Universitat de Barcelona;2021;10.1021/acs.est.1c03589;TRUE
CRUE-CSIC_2021-24;Universitat de Barcelona;2021;10.1021/acscatal.1c03150;TRUE
CRUE-CSIC_2021-24;Universitat de Barcelona;2021;10.1021/acs.energyfuels.1c00912;TRUE
